,Unnamed: 0,Id,PostTypeId,AcceptedAnswerId,ParentId,CreationDate,DeletionDate,Score,ViewCount,Body,LastEditDate,LastActivityDate,Title,Tags,AnswerCount,CommentCount,FavoriteCount,ClosedDate,CommunityOwnedDate,ContentLicense,HotScore
3210,3210,10168686,1,10169025.0,,2012-04-16 04:23:16,,1695,195602,one interesting project worked past couple year wa project image processing goal wa develop system able recognize coca cola note stressing word see minute see sample recognized green rectangle scale rotation constraint project background could noisy could scale rotation even orientation within reasonable limit image could degree fuzziness contour might entirely straight could coca cola bottle image algorithm detect brightness image could vary lot rely much color detection could partly hidden side middle possibly partly hidden behind bottle could image case find nothing write message saying could end tricky thing like case algorithm totally fail project ago lot fun decent implementation detail implementation language done c using opencv library pre processing image pre processing e transforming image raw form give algorithm used method changing color domain rgb hsv filtering based red hue saturation certain threshold avoid orange like color filtering low value avoid dark tone end result wa binary black white image white pixel would represent pixel match threshold obviously still lot crap image reduces number dimension work noise filtering using median filtering taking median pixel value neighbor replace pixel value reduce noise using canny edge detection filter get contour item precedent step algorithm algorithm chose task wa taken awesome book feature extraction called generalized hough transform pretty different regular hough transform basically say thing describe object space without knowing analytical equation case resistant image deformation scaling rotation basically test image every combination scale factor rotation factor us base model template algorithm learn pixel remaining contour image vote another pixel supposedly center term gravity object based learned model end end heat map vote example pixel contour vote gravitational center lot vote pixel corresponding center see peak heat map simple threshold based heuristic give location center pixel derive scale rotation plot little rectangle around final scale rotation factor obviously relative original template theory least result approach worked basic case wa severely lacking area extremely slow stressing enough almost full day wa needed process test image obviously high scaling factor rotation translation since small wa completely lost bottle image reason almost always found bottle instead perhaps bottle bigger thus pixel thus vote fuzzy image also good since vote ended pixel random location around center thus ending noisy heat map variance translation rotation wa achieved orientation meaning wa directly facing camera objective recognized help improve specific algorithm using exclusively opencv feature resolve four specific issue mentioned hope people also learn something well think people ask question learn,2016-03-16 17:39:27,2020-09-25 17:07:16,image processing algorithm improvement coca cola recognition,c++ algorithm image-processing opencv,23,28,1104.0,,,CC BY-SA 3.0,0.0010703306208607046
24518,24518,23119413,1,,,2014-04-16 20:23:19,,240,653534,trying install opencv python anaconda seem figure tried conda install opencv conda install cv also tried searching conda search cv cigar ran across list included package http doc continuum io anaconda pkgs html running conda info noticed version seem find information version online pretty confused missing something pretty obvious wa available previous version anaconda available newer version doe link show documentation version,2017-11-19 17:44:13,2020-08-07 15:06:25,install python opencv conda,python opencv anaconda conda,41,12,91.0,,,CC BY-SA 3.0,0.0003936527280404776
13017,13017,19876079,1,,,2013-11-09 12:44:32,,286,989776,installed opencv occidentalis operating system variant raspbian raspberry pi using jayrambhia script found installed version try import cv python program get following message pi raspberrypi python cam py traceback recent call last file cam py line import cv importerror module named cv file cv stored usr local lib python site package also folder usr local lib called python python could problem sure path error perhaps help appreciated new linux,2019-03-28 09:01:15,2020-08-05 11:58:31,find module cv using opencv,python opencv raspberry-pi,17,3,58.0,,,CC BY-SA 4.0,0.00017913773685357873
20875,20875,20518632,1,,,2013-12-11 12:03:02,,138,279090,trying run program import cv import time cv namedwindow camera capture cv capturefromcam true img cv queryframe capture cv showimage camera img cv waitkey break cv destroyallwindows problem numpy using pyschopy along opencv problem keep getting error report runtimeerror module compiled api version version numpy traceback recent call last file c user john document eyetracking program getimage py line import cv importerror numpy core multiarray failed import numpy py psychopy folder confused wrong edit deleted answer following command pip install u numpy help solving problem could load numpy core multiarray,2020-08-11 13:47:32,2020-09-25 10:11:27,importerror numpy core multiarray failed import,python python-2.7 numpy opencv,26,4,26.0,,,CC BY-SA 4.0,0.0001395089055071789
23885,23885,20772893,1,20850922.0,,2013-12-25 12:40:55,,381,23357,image processing technique could used implement application detects christmas tree displayed following image searching solution going work image therefore approach require training haar cascade classifier template matching interesting looking something written programming language long us open source technology solution must tested image shared question input image answer display result processing finally output image must red line draw surround detected tree would go programmatically detecting tree image,2019-12-31 05:12:30,2019-12-31 05:12:30,detect christmas tree,c++ python opencv image-processing computer-vision,10,22,229.0,2019-01-02 21:45:46,,CC BY-SA 4.0,0.0001273539864151259
31502,31502,30508922,1,,,2015-05-28 14:05:32,,84,183714,trying learn cv python run code specific part face cascade cv cascadeclassifier haarcascade frontalface default xml eye cascade cv cascadeclassifier haarcascade eye xml img cv imread jpg gray cv cvtcolor img cv color bgr gray face face cascade detectmultiscale gray x w h face img cv rectangle img x x w h return file face detection py line face face cascade detectmultiscale gray cv error home arthurckl desktop opencv rc module objdetect src cascadedetect cpp error empty function detectmultiscale tried search answer best could find must loading face cascade wrong way help,2020-08-11 17:23:40,2020-08-18 12:19:49,error empty function detectmultiscale,python python-2.7 opencv image-recognition,22,8,13.0,,,CC BY-SA 3.0,0.00010214497181473839
16823,16823,19019720,1,19042026.0,,2013-09-26 04:59:00,,114,406120,situation much like one importerror dll load failed valid win application answer working python code say import cv line throw error shown title question opencv installed c lib opencv bit machine using bit python pythonpath variable pythonpath c lib opencv build python folder contains cv pyd path variable path opencv dir bin folder contains dll file opencv core dll opencv dir ha value opencv dir c lib opencv build x vc solution importerror dll load failed valid win application say add new opencv binary path c opencv build bin release window path environment variable shown already opencv binary folder c lib opencv build x vc bin path opencv installation release folder except empty one build java idea going wrong tell python verbosely trace loading process exactly dll looking thanks lars edit noticed according http www dependencywalker com cv pyd c lib opencv build python bit whereas machine python running bit could problem find bit version cv pyd,2017-05-23 11:55:03,2020-09-15 03:46:27,importerror dll load failed valid win application dll,python opencv dll path,21,7,29.0,,,CC BY-SA 3.0,8.99269318333622e-05
43817,43817,37776228,1,,,2016-06-12 15:54:16,,76,139875,trying install opencv cv pycharm terminal suggested using pip install user opencv pip install user cv getting following error collecting opencv could find version satisfies requirement opencv version matching distribution found opencv collecting cv could find version satisfies requirement cv version matching distribution found cv fix install package properly using python,,2020-06-16 04:24:45,pycharm python opencv cv install error,python opencv pycharm,16,4,11.0,,,CC BY-SA 3.0,8.893803279279832e-05
36883,36883,33311153,1,,,2015-10-23 20:48:20,,139,302224,followed tutorial seem anything simply nothing wait second close program wrong code import cv vidcap cv videocapture compton mp success image vidcap read count success true success success image vidcap read cv imwrite frame jpg count image save frame jpeg file cv waitkey exit escape hit break count also comment say limit frame edit tried success true first help created one image wa byte,2019-01-25 17:14:02,2020-07-22 11:43:57,python extracting saving video frame,python python-2.7 opencv,10,9,62.0,,,CC BY-SA 4.0,8.598078721637131e-05
31732,31732,30506126,1,32598876.0,,2015-05-28 12:06:00,,91,247549,currently ubuntu using python cv run code import numpy np import cv img cv imread jpg gray cv cvtcolor img cv color bgr gray return file face detection py line gray cv cvtcolor img cv color bgr gray cv error home arthurckl desktop opencv rc module imgproc src color cpp error scn scn function cvtcolor already searched one answer said could loading photo wrong way dimension row column depth print img shape return two number must wrong know right way load photo,2015-05-28 12:25:32,2020-10-05 12:28:22,open cv error scn scn function cvtcolor,python opencv photo,16,2,15.0,,,CC BY-SA 3.0,8.475255050044662e-05
33334,33334,31326015,1,31349250.0,,2015-07-09 18:58:39,,155,360272,searched many place get install verify installed verify nvidia driver installed cuda installed know verify cudnn installed help much appreciated thanks p caffe implementation currently everything working without cudnn enabled,2018-05-11 18:27:35,2020-08-24 20:19:10,verify cudnn installation,cuda computer-vision caffe conv-neural-network cudnn,9,2,67.0,,,CC BY-SA 3.0,8.166182222116599e-05
2068,2068,12995434,1,12995815.0,,2012-10-21 06:03:44,,277,53440,best way represent solve maze given image given jpeg image seen best way read parse data structure solve maze first instinct read image pixel pixel store list array boolean value white pixel non white pixel colour discarded issue method image may pixel perfect simply mean white pixel somewhere wall may create unintended path another method came bit thought convert image svg file list path drawn canvas way path could read sort list boolean value indicates path wall indicating travel able space issue method arises conversion accurate doe fully connect wall creating gap also issue converting svg line perfectly straight result path cubic bezier curve list array boolean value indexed integer curve would transfer easily point line curve would calculated exactly match list index assume one method may work though probably woefully inefficient given large image exists better way best efficiently least complexity done even best way come solving maze use either first two method essentially end matrix according answer good way represent maze using tree good way solve using algorithm would one create tree image idea tl dr best way parse data structure would said structure help hinder solving update tried hand implementing mikhail ha written python using thomas recommended feel algorithm correct working hoped code png library pypng import png numpy queue operator itertools def white coord image return whether x approx white pixel true xrange break image coord coord return def bfs e visited perform breadth first search frontier queue queue e np tuple map operator add white np np visited frontier put np visited append frontier get return visited def main r png reader filename thescope png row col pixel meta r asdirect assert meta plane ensure file rgb image numpy vstack itertools imap numpy uint pixel start end print bfs start end image,2017-05-23 11:55:07,2020-05-23 16:47:42,representing solving maze given image,python algorithm matlab image-processing maze,10,7,162.0,,,CC BY-SA 3.0,8.085992993821741e-05
22740,22740,25215102,1,,,2014-08-09 04:01:42,,87,220812,ubuntu system want install opencv use python x installed opencv using instruction http help ubuntu com community opencv install seemed run properly error script ended output opencv ready used try run sample python script get following python opencv py traceback recent call last file opencv py line cv cv import importerror module named cv cv suspect know know fix opencv installed current directory wa ran install script subdirectory home folder others get import error install seem path issue luck adding code import sys sys path append usr local lib python site package updating pythonpath directory tried adding code make difference see file site package directory done install directory imagine installation instruction would spelled suspect problem ha python finding opencv install sure proceed please help get usable install opencv simply possible,,2020-07-16 13:31:49,installing opencv python ubuntu getting importerror module named cv cv,python opencv ubuntu importerror,20,4,19.0,,,CC BY-SA 3.0,7.734093904930427e-05
22230,22230,21810452,1,,,2014-02-16 11:24:54,,117,189072,using opencv python following simple code created window correct name content blank show image import cv img cv imread c python hd jpg cv imshow imagewindow img doe anyone know issue,,2020-08-21 09:10:09,cv imshow command work properly opencv python,python opencv image-processing,15,2,14.0,,,CC BY-SA 3.0,7.15582556218853e-05
9883,9883,15589517,1,15589825.0,,2013-03-23 17:00:43,,253,591788,crop image like done pil using opencv working example pil im image open png convert l im im crop im save png opencv tried im cv imread png cv cv load image grayscale thresh im bw cv threshold im cv thresh otsu im cv getrectsubpix im bw cv imshow img im cv waitkey work think incorrectly used case please explain correctly use function,2014-02-16 05:13:57,2020-07-05 22:23:56,crop image opencv using python,python opencv,8,0,71.0,,,CC BY-SA 3.0,6.668763978193406e-05
15302,15302,23506105,1,23565051.0,,2014-05-06 23:16:24,,151,113535,trying find bounding box text image currently using approach calculate local variance grayscale image mat mean mean mat grayf outimg gray convertto grayf cv f int winsize blur grayf mean cv size winsize winsize blur grayf mul grayf mean cv size winsize winsize mat varmat mean mean mul mean varmat convertto varmat cv u threshold high variance region mat varmatregions varmat given image like show get image see somewhat combine left block text header card card method work great busier card cause problem reason bad contour connect make bounding box contour nearly take entire card anyone suggest different way find text ensure proper detection text point whoever find text card two,2014-05-14 15:50:39,2020-09-29 05:04:35,extracting text opencv,c++ opencv image-processing text bounding-box,10,3,179.0,,,CC BY-SA 3.0,6.663739965939428e-05
31808,31808,27406303,1,27421494.0,,2014-12-10 16:40:55,,146,197709,want use opencv library app android studio followed instruction found get error configuration name default found wrong use android studio gradle,2017-02-23 06:44:38,2020-09-01 14:57:27,opencv android studio,android opencv android-studio gradle,8,6,132.0,,,CC BY-SA 3.0,5.9692089742935567e-05
47514,47514,40207011,1,41301866.0,,2016-10-23 19:35:10,,52,71936,exact error getting ubuntu opencv error unspecified error function implemented rebuild library window gtk x carbon support ubuntu debian install libgtk dev pkg config run cmake configure script cvshowimage file feedstock root build artefact work opencv module highgui src window cpp line traceback recent call last file untitled py line cv imshow image img cv error feedstock root build artefact work opencv module highgui src window cpp error function implemented rebuild library window gtk x carbon support ubuntu debian install libgtk dev pkg config run cmake configure script function cvshowimage code import numpy np import cv load color image grayscale img cv imread png cv imshow image img cv waitkey cv destroyallwindows png image directory program first installed anaconda python installed opencv using command conda install c conda forge opencv installed libgtk dev error said still get error help would much appreciated trying solve several hour,,2020-04-20 14:03:18,opencv working properly python linux anaconda getting error cv imshow implemented,python opencv ubuntu anaconda,14,0,18.0,,,CC BY-SA 3.0,5.957507259101106e-05
6689,6689,9480013,1,10034214.0,,2012-02-28 10:12:06,,151,156584,using tesseract convert document text quality document range wildly looking tip sort image processing might improve result noticed text highly pixellated example generated fax machine especially difficult tesseract process presumably jagged edge character confound shape recognition algorithm sort image processing technique would improve accuracy using gaussian blur smooth pixellated image seen small improvement hoping specific technique would yield better result say filter wa tuned black white image would smooth irregular edge followed filter would increase contrast make character distinct general tip someone novice image processing,2016-12-20 15:09:19,2020-10-14 15:02:19,image processing improve tesseract ocr accuracy,image-processing ocr tesseract,13,0,121.0,,,CC BY-SA 3.0,5.5821511403976234e-05
22392,22392,18561910,1,18590112.0,,2013-09-01 19:09:53,,67,127373,trying simple thing like detector cv sift get bad error detector cv sift attributeerror module object ha attribute sift understand cv installed cv version rev system ubuntu maybe someone ha got problem could help edit long story short testypypypy py import cv detector cv sift error traceback recent call last file testypypy py line detector cv sift attributeerror module object ha attribute sift take work dir cv also take cv bfmatcher get error missing add know,2018-05-15 17:32:38,2020-09-21 12:12:38,use surf sift opencv,python opencv sift surf,20,5,25.0,,,CC BY-SA 4.0,5.121453473285386e-05
15488,15488,18907131,1,18922329.0,,2013-09-20 00:32:13,,89,100245,ie longer support browser detection tag identify browser detecting ie using javascript capability testing technique detect certain prefixed style defined want ie assuming ie style supported ie well anyone help identify ie style capability could use tell two apart extra info want use user agent type detection spotty changed well think read ie intentionally trying hide fact internet explorer example ie capability testing work used jsfiddle mine basis testing also expecting lot answer bad idea one need ie claim support something badly implemented want able differentiate ie ie move capability based detection method future test coupled modernizr test simply make functionality fallback le glamorous behavior talking critical functionality also already using modernizr help need help solution clearly asked question please,2016-10-05 19:40:37,2019-09-05 16:18:13,detecting ie using cs capability feature detection,internet-explorer-11 sample feature-detection,18,8,61.0,,,CC BY-SA 3.0,4.980153335565575e-05
37304,37304,33859531,1,,,2015-11-22 20:03:46,,76,137729,code import numpy np import cv console runfile user isaiahnields spyder temp py wdir user isaiahnields spyder runtimeerror module compiled api version version numpy traceback recent call last file line file application spyder py app content resource lib python spyderlib widget externalshell sitecustomize py line runfile execfile filename namespace file application spyder py app content resource lib python spyderlib widget externalshell sitecustomize py line execfile builtins execfile filename file user isaiahnields spyder temp py line import cv file application spyder py app content resource lib python cv py line cv cv import importerror numpy core multiarray failed import system info x el capitan macbook air ghz intel core gb hmz ddr already attempted updating numpy add cv py python folder spyder py something else need add,2015-11-22 21:13:13,2019-01-14 05:52:00,runtimeerror module compiled api version version numpy,python python-2.7 opencv numpy,15,0,9.0,,,CC BY-SA 3.0,4.95489060189317e-05
41430,41430,36274638,1,43168882.0,,2016-03-29 03:03:12,,93,58515,computer vision object detection common evaluation method map calculated,2020-06-13 14:23:54,2020-08-19 04:38:33,map metric calculated,machine-learning computer-vision detection metrics vision,6,0,48.0,,,CC BY-SA 4.0,4.3618741671370195e-05
10198,10198,14649645,1,,,2013-02-01 15:31:12,,96,328487,wanting write php code automatically resizes image uploaded via form x px idea go relative php novice far got image uploading successfully filetypes recognised name cleaned like add resize functionality code example got test image mb x dimension like code size guessing dramatically compress filesize image far got following file put file property variable file name file profile image name file size file profile image size file tmp name file profile image tmp name determine filetype switch file profile image type case image jpeg ext jpg break case image png ext png break default ext break ext check filesize file size process file clean filename move safe location n file name n ereg replace za z n n strtolower n n avatar n move uploaded file file tmp name n else bad message please ensure chosen file le mb else bad message please ensure image filetype jpg png query insert user image value n mysql query query die insert failed mysql error query,2017-10-10 08:43:44,2020-07-26 02:33:41,resize image php,php image-processing image-resizing image-upload,13,2,42.0,,,CC BY-SA 3.0,4.168987858511327e-05
29343,29343,29317262,1,29317298.0,,2015-03-28 12:40:37,,51,104405,trying save video working followed instruction opencv documentation import numpy np import cv cap cv videocapture fourcc cv videowriter fourcc xvid cv videowriter output avi fourcc cap isopened ret frame cap read ret true frame cv flip frame write frame cv imshow frame frame cv waitkey xff ord q break else break cap release release cv destroyallwindows wrong,2015-03-28 14:16:13,2020-08-19 21:58:40,opencv video saving python,python opencv,14,1,12.0,,,CC BY-SA 3.0,4.078406195991994e-05
43063,43063,37131278,1,40776982.0,,2016-05-10 06:54:56,,50,70515,make blur effect react native like background image want switch effect blur none none mean blur effect,2016-05-10 07:56:21,2020-07-31 01:10:59,make blur effect react native,image image-processing react-native blur,10,0,10.0,,,CC BY-SA 3.0,4.066208678492363e-05
26065,26065,27953069,1,,,2015-01-14 21:48:49,,43,148464,trying make face tracker combine haar cascade classification lucas kanade good feature detection however keep getting error figure mean solve anyone help error line cv imshow frame img error build buildd opencv dfsg module highgui src window cpp error size width size height function imshow code matplotlib import pyplot plt import numpy np import cv face classifier cv cascadeclassifier haarcascades haarcascade frontalface default xml cap cv videocapture params shitomasi corner detection feature params dict maxcorners qualitylevel mindistance blocksize parameter lucas kanade optical flow lk params dict winsize maxlevel criterion cv term criterion eps cv term criterion count create random color color np random randint take first frame find corner ret old frame cap read cv imshow old frame old frame cv waitkey old gray cv cvtcolor old frame cv color bgr gray restart true restart true face face classifier detectmultiscale old gray len face print empty x w h face focused face old frame h x x w cv imshow old frame old frame face gray cv cvtcolor old frame cv color bgr gray gray cv cvtcolor focused face cv color bgr gray corner cv goodfeaturestotrack gray mask none feature params corner np int corner print corner corner ix iy ravel cv circle focused face ix iy cv circle old frame x ix iy plt imshow old frame plt show create mask image drawing purpose mask np zero like old frame ret frame cap read frame gray cv cvtcolor frame cv color bgr gray calculate optical flow p st err cv calcopticalflowpyrlk old gray frame gray corner none lk params select good point good new p st good old corner st draw track print coloring time new old enumerate zip good new good old print print color b new ravel c old ravel mask cv line mask b c color tolist frame cv circle frame b color tolist break img cv add frame mask cv imshow frame img k cv waitkey xff k break update previous frame previous point old gray frame gray copy p good new reshape cv destroyallwindows cap release,2015-01-14 22:26:18,2020-07-26 01:11:38,opencv error size width size height function imshow,python image opencv computer-vision opencv3.0,16,6,4.0,,,CC BY-SA 3.0,3.7023978158068535e-05
40008,40008,35372700,1,35372748.0,,2016-02-12 21:45:00,,58,82310,trying understand xff doe hood following code snippet cv waitkey xff ord q break idea,,2020-08-02 17:24:16,xff cv waitkey,python opencv hex,8,4,18.0,,,CC BY-SA 3.0,3.5620192683074026e-05
3536,3536,10196198,1,10226971.0,,2012-04-17 17:39:18,,201,35100,wa fun project solving sudoku input image using opencv google goggles etc completed task end found little problem came programming using python api opencv read image find contour select one maximum area also somewhat equivalent square find corner point e g given notice green line correctly coincides true boundary sudoku sudoku correctly warped check next image warp image perfect square eg image perform ocr used method given simple digit recognition ocr opencv python method worked well problem check image performing step image give result red line drawn original contour true outline sudoku boundary green line drawn approximated contour outline warped image course difference green line red line top edge sudoku warping getting original boundary sudoku question warp image correct boundary sudoku e red line remove difference red line green line method opencv,2017-05-23 10:31:10,2020-04-28 13:11:57,remove convexity defect sudoku square,python opencv computer-vision sudoku,6,4,171.0,,,CC BY-SA 3.0,3.312887116664604e-05
10336,10336,12740659,1,12751657.0,,2012-10-05 06:25:00,,177,220584,trying write script download image using node j far var maxlength mb var download function uri callback http request uri response function header content length maxlength callback new error image large else indexof statuscode callback new error received invalid status code else header content type match image callback new error image else var body setencoding binary error function err callback err data function chunk body chunk end function window var path tmp math random tostring split pop f writefile path body binary function err callback err path error function err callback err end however want make robust library better chance response header lie length content type status code care bother redirects think read somewhere encoding going deprecated get work window way make script better feature similar imgur user give url download image rehost image multiple size,2012-10-05 06:56:09,2019-06-08 18:53:04,downloading image node j,image node.js image-processing download,7,0,90.0,2018-09-21 19:14:11,,CC BY-SA 3.0,3.2093432033493215e-05
35063,35063,32302180,1,,,2015-08-30 23:31:14,,35,151411,trying create bit image like import skimage import random random import randint xrow raw input enter number row present image row int xrow ycolumn raw input enter number column present image column int ycolumn x xrange row xrange column randint x imshow get error typeerror image data convert float,2020-08-10 19:51:02,2020-10-14 13:56:38,typeerror image data convert float,python image image-processing python-imaging-library,12,1,2.0,,,CC BY-SA 4.0,3.074504702875538e-05
27508,27508,28517937,1,28518106.0,,2015-02-14 17:00:00,,55,183874,installed opencv using homebrew got problem whenever run command test python c import cv runtimeerror module compiled api version version numpy traceback recent call last file line importerror numpy core multiarray failed import tried upgrade numpy confusing import numpy print numpy version run brew upgrade numpy got problem brew install u numpy warning numpy already installed uninstalled sudo pip install numpy requirement already satisfied use upgrade upgrade numpy anaconda lib python site package followed question deleted anaconda mac pip install numpy requirement already satisfied use upgrade upgrade numpy library python site package nothing changed link numpy version opencv,2019-06-16 11:20:06,2019-07-30 11:17:03,upgrade numpy,python opencv numpy homebrew anaconda,12,0,11.0,,,CC BY-SA 4.0,2.9003864529637705e-05
22509,22509,25504964,1,25510061.0,,2014-08-26 11:39:33,,74,92898,writing opencv program found script another stackoverflow question computer vision masking human hand run scripted answer get following error traceback recent call last file skinimagecontour py line contour cv findcontours skin ycrcb cv retr external cv chain approx simple valueerror many value unpack code import sys import numpy import cv im cv imread photo test jpg im ycrcb cv cvtcolor im cv color bgr ycr cb skin ycrcb mint numpy array skin ycrcb maxt numpy array skin ycrcb cv inrange im ycrcb skin ycrcb mint skin ycrcb maxt cv imwrite photo output jpg skin ycrcb second image contour cv findcontours skin ycrcb cv retr external cv chain approx simple c enumerate contour area cv contourarea c area cv drawcontours im contour cv imwrite photo output jpg im help appreciated,2017-05-23 11:33:24,2020-10-07 06:45:13,opencv python valueerror many value unpack,python opencv image-processing,7,1,13.0,,,CC BY-SA 3.0,2.7585821190435314e-05
40886,40886,36172913,1,62607343.0,,2016-03-23 08:17:53,,174,5142,trying get depth map uncalibrated method obtain fundamental matrix finding correspondent point sift using cv findfundamentalmat use cv stereorectifyuncalibrated get homography matrix image finally use cv warpperspective rectify compute disparity create good depth map value high wondering use calculate rotation matrix homography matrix got sure projective matrix case homography matrix obtained rectify part code obtainment correspondent point sift sift cv sift find keypoints descriptor sift kp de sift detectandcompute dst none kp de sift detectandcompute dst none flann parameter flann index kdtree index params dict algorithm flann index kdtree tree search params dict check flann cv flannbasedmatcher index params search params match flann knnmatch de de k good pt pt ratio test per lowe paper n enumerate match distance n distance good append pt append kp trainidx pt pt append kp queryidx pt pt np array pt pt np array pt computation fundamental matrix f mask cv findfundamentalmat pt pt cv fm lmeds obtainment rectification matrix use warpperspective transform pt pt mask ravel pt pt mask ravel pt np int pt pt np int pt p fnew pt reshape pt shape p fnew pt reshape pt shape retbool rectmat rectmat cv stereorectifyuncalibrated p fnew p fnew f dst cv warpperspective dst rectmat dst cv warpperspective dst rectmat calculation disparity stereo cv stereobm cv stereo bm basic preset ndisparities sadwindowsize disp stereo compute dst astype uint dst astype uint astype np float plt imshow disp plt colorbar plt clim plt show plt savefig gauche png plot depth using disparity focal length c stereo calibration distance camera plt imshow c disp cmap hot plt clim plt colorbar plt show rectified picture uncalibrated method rectified picture calibrated method know difference important two kind picture calibrated method seem aligned disparity map using uncalibrated method depth calculated c disp value high edit later tried mount reconstruction matrix devernay garcia homography matrix obtained stereorectifyuncalibrated result still good correctly np arange x np arange xx field yy field np meshgrid x mount x disparity array stock np concatenate np expand dims xx field np expand dims yy field axis xy disp np concatenate stock np expand dims disp axis xy disp reshape xy disp reshape xy disp shape xy disp shape np hstack np zero use translation obtained rectified calibration correct establish projective matrix homography matrix p np dot rectmat c p np vstack np hstack p np zero np zero p p np dot c np hstack np identity np zero p np dot np dot rectmat c p np vstack p np zero p lambda cv norm p cv norm p define reconstruction matrix q np zero q p q p q lambda p p q p calculation get coordinate test range xy disp reshape shape np dot inv q np expand dims np concatenate xy disp reshape np one axis axis test append test np asarray test xyz test reshape xy disp shape xy disp shape,2020-06-29 06:54:39,2020-06-29 06:54:39,opencv depth map uncalibrated stereo system,python opencv stereo-3d disparity-mapping,2,5,22.0,,,CC BY-SA 4.0,2.685847839383209e-05
774,774,14800730,1,,,2013-02-10 17:53:15,,78,109079,problem running tesseract ocr engine linux downloaded ru language data put tessdata directory usr local share tessdata trying run tesseract command tesseract blob jpg l ru display error error opening data file usr local share tessdata eng traineddata please make sure tessdata prefix environment variable set parent directory tessdata directory failed loading language eng tesseract load language could initialize tesseract according compiling guide used export tessdata prefix usr local share point tessdata directory maybe edit config file tesseract try load eng data file instead ru screenshot http stack imgur com guc png,2013-02-10 17:56:43,2020-06-20 23:53:34,tesseract running error,ocr tesseract,10,0,20.0,,,CC BY-SA 3.0,2.6672948748290516e-05
13011,13011,17767557,1,17778470.0,,2013-07-20 23:05:07,,67,102158,want use android studio develop app using gradle build tool insert opencv repo library build gradle gradle file like buildscript repository mavencentral dependency classpath com android tool build gradle apply plugin android repository mavencentral dependency compile com android support support v android compilesdkversion buildtoolsversion defaultconfig minsdkversion targetsdkversion add opencv project,2019-04-10 15:24:43,2019-11-11 15:03:42,use opencv using gradle,android opencv gradle android-gradle-plugin,12,0,63.0,,,CC BY-SA 4.0,2.6534545534412207e-05
5932,5932,9413216,1,9620295.0,,2012-02-23 12:37:22,,392,224039,trying implement digit recognition ocr opencv python cv learning purpose would like learn knearest svm feature opencv sample e image digit would like train sample letter recog py come opencv sample still figure use understand sample response etc also load txt file first understand first later searching little bit could find letter recognition data cpp sample used made code cv knearest model letter recog py testing import numpy np import cv fn letter recognition data np loadtxt fn np float delimiter converter lambda ch ord ch ord sample response model cv knearest retval model train sample response retval result neigh resp dists model find nearest sample k print result ravel gave array size understand question letter recognition data file build file data set doe result reval denote write simple digit recognition tool using letter recognition data file either knearest svm,2018-01-24 08:16:31,2018-12-18 21:29:29,simple digit recognition ocr opencv python,python opencv numpy computer-vision ocr,3,0,379.0,,,CC BY-SA 3.0,2.5975018798609585e-05
39355,39355,35180764,1,35183247.0,,2016-02-03 15:14:17,,48,113993,image screen x therefore image need resized display using python opencv according opencv documentation need show image bigger screen resolution need call namedwindow window normal imshow image fitted screen portion shown big also tried cv resizewindow make difference import cv cv namedwindow output cv window normal create window freedom dimension cv resizewindow output resize window specified dimension im cv imread earth jpg read image cv imshow output im show image cv waitkey display image infinitely keypress,2020-02-24 22:34:26,2020-09-16 07:04:20,opencv python image big display,python image opencv image-processing imshow,6,5,10.0,,,CC BY-SA 3.0,2.5396345059509464e-05
42931,42931,37039224,1,,,2016-05-04 22:36:39,,30,79266,line sift cv xfeatures sift create return error traceback recent call last file c python opencvskrypty gui solution py line sift cv xfeatures sift create attributeerror module object ha attribute xfeatures read something error appears opencv version quite weird version check dir cv got xfeatures module doe anyone know download separately thanks help fix,2016-05-04 22:46:09,2020-05-13 07:07:12,attributeerror module object ha attribute xfeatures python opencv,python opencv,10,0,4.0,,,CC BY-SA 3.0,2.5223851122519728e-05
34603,34603,31996367,1,32032784.0,,2015-08-13 19:00:21,,29,102477,using opencv python process large rgb image trying resize using following code import cv image cv resize img fx fy interpolation cv inter area error message coming cv error c opencv source module imgproc src imgwarp cpp error ssize area function cv resize certain image content image array save small tile jpg format try resize small part image problem end correctly resized image taking rather big chunk still work work chunk wondering could cause problem solve thanks,2015-08-13 19:10:34,2020-06-11 10:52:28,opencv resize fails large image error ssize area function cv resize,image opencv python-3.x image-processing opencv3.0,13,4,3.0,,,CC BY-SA 3.0,2.5124672280313936e-05
45008,45008,38553927,1,,,2016-07-24 15:54:58,,73,36189,newbie convolutional neural network idea feature map convolution done image extract feature would glad know detail applying batch normalisation cnn read paper http arxiv org pdf v pdf could understand bn algorithm applied data end mentioned slight modification required applied cnn convolutional layer additionally want normalization obey convolutional property different element feature map different location normalized way achieve jointly normalize activation mini batch location alg let b set value feature map across element mini batch spatial location mini batch size feature map size p q use effec tive mini batch size b pq learn pair parameter k k per feature map rather per activation alg modified similarly inference bn transform applies linear transformation activation given feature map total confused say different element feature map different location normalized way know feature map mean different element weight every feature map could understand location spatial location mean could understand sentence alg let b set value feature map across element mini batch spatial location would glad someone cold elaborate explain much simpler term,2017-11-21 16:57:11,2020-03-17 06:54:54,batch normalization convolutional neural network,machine-learning computer-vision deep-learning conv-neural-network batch-normalization,4,0,42.0,,,CC BY-SA 3.0,2.4774995374236743e-05
19895,19895,17394882,1,,,2013-06-30 21:10:55,,84,151249,starting numpy array image img cv imread test jpg shape might expect x rgb image img shape however image frame video frame long ideally would like single array contains data video img shape return best way add next frame next set image data another x x array initial array,2019-09-24 22:34:53,2020-03-07 00:27:16,add new dimension numpy array,python arrays opencv numpy,8,0,15.0,,,CC BY-SA 4.0,2.3904152290403514e-05
31503,31503,30509573,1,,,2015-05-28 14:32:00,,39,94357,want capture video webcam save mp file using opencv found example code stackoverflow work great hitch trying save mp avi part get xvid argument passed fourcc writer supposed think mp codec link change filename output mp tell tag invalid believe xvid codec actually making avi file stupid question write mp found link showing convert avi mp fact seems inefficient seems like able initial write import numpy np import cv cap cv videocapture define codec create videowriter object fourcc cv cv cv fourcc xvid cv videowriter output avi fourcc cap isopened ret frame cap read ret true frame cv flip frame write flipped frame write frame cv imshow frame frame cv waitkey xff ord q break else break release everything job finished cap release release cv destroyallwindows,,2020-09-03 12:26:32,writing mp video using python opencv,python opencv video,9,5,9.0,,,CC BY-SA 3.0,2.3839122437479087e-05
11921,11921,20953273,1,21212023.0,,2014-01-06 15:29:14,,60,117383,opencv still available python really downgrade python use find much internet post opencv yet ported used python x trying install latest opencv x copying cv pyd file c program file x python lib site package still yield error python idle import cv traceback recent call last file line import cv importerror dll load failed ist keine zul ssige win anwendung,,2018-10-19 19:07:09,install opencv python,python opencv python-3.x,13,5,39.0,,,CC BY-SA 3.0,2.327694819183446e-05
23142,23142,26681713,1,26685567.0,,2014-10-31 19:03:31,,50,111366,novice opencv recently trouble finding opencv function convert mat array researched ptr method available opencv apis could get proper data would like direct conversion mat array available vector need opencv function code ha undergo high level synthesis vivado hl please help,,2020-09-06 17:16:31,convert mat array vector opencv,c++ arrays opencv vector synthesis,8,0,26.0,,,CC BY-SA 3.0,2.2923905467721923e-05
979,979,14816166,1,,,2013-02-11 16:15:20,,37,35601,trying use opencv create camera app opencv processing would like able multiple ui orientation landscape problem change orientation portrait image come sideways understand could rotate input image image processing thus leave orientation landscape fine work solve problem rest ui wrong orientation also tried using code rotate camera deg seem work mcamera setdisplayorientation either ha effect sometimes cause preview blacked ha anyone done successfully opencv class extends javacameraview edit made improvement rotated image inside opencv displayed camerabridgeviewbase java class deliver draw frame method canvas null canvas drawcolor android graphic porterduff mode clear canvas drawbitmap mcachebitmap canvas getwidth mcachebitmap getwidth canvas getheight mcachebitmap getheight null change support portrait view matrix matrix new matrix matrix pretranslate canvas getwidth mcachebitmap getwidth canvas getheight mcachebitmap getheight getresources getconfiguration orientation configuration orientation portrait matrix postrotate f canvas getwidth canvas getheight canvas drawbitmap mcachebitmap matrix new paint basically roatates input image like better obviously want full screen,2020-06-20 09:12:55,2020-09-23 17:44:53,rotate camera preview portrait android opencv camera,android opencv android-camera,17,14,19.0,,,CC BY-SA 3.0,2.291744481338384e-05
11663,11663,16702966,1,16770343.0,,2013-05-22 23:03:16,,57,34789,application trying rotate image using opencv python moment developed code rotates input image padding black border giving want b largest possible area crop window within rotated image call axis aligned bounded box essentially rotate crop however get answer question work additionally answer apparently valid square image image rectangular code give import cv import numpy np def gettranslationmatrix dx dy return numpy affine transformation matrix translation dx dy return np matrix dx dy def rotateimage image angle rotates given image centre image size image shape image shape image center tuple np array image size rot mat np vstack cv getrotationmatrix image center angle trans mat np identity w image size h image size rot mat notranslate np matrix rot mat tl np array w h rot mat notranslate tr np array w h rot mat notranslate bl np array w h rot mat notranslate br np array w h rot mat notranslate x coords pt pt tl tr bl br x po x x x coords x x neg x x x coords x coords pt pt tl tr bl br po coords neg coords right bound max x po left bound min x neg top bound max po bot bound min neg new w int ab right bound left bound new h int ab top bound bot bound new image size new w new h new midx new w new midy new h dx int new midx w dy int new midy h trans mat gettranslationmatrix dx dy affine mat np matrix trans mat np matrix rot mat result cv warpaffine image affine mat new image size flag cv inter linear return result,2017-05-23 11:54:15,2020-10-11 02:17:53,rotate image crop black border,python algorithm opencv aabb,10,10,42.0,,,CC BY-SA 3.0,2.241216334172114e-05
3208,3208,10167534,1,17820615.0,,2012-04-16 00:51:21,,120,145963,kind confused type method object opencv following line mat imread c someimage jpg type mat type type find type mat matrix tried find answer manual couple book vain,2016-04-29 23:06:27,2020-09-09 04:57:33,find type mat object mat type opencv,opencv opencv-mat,6,4,60.0,,,CC BY-SA 3.0,2.2364034045283277e-05
39290,39290,35097837,1,,,2016-01-30 04:03:56,,25,77663,way python maybe opencv pil continuously grab frame portion screen least fps seen done language theory possible need save image data file actually want output array containing raw rgb data like numpy array something since going take send large led display probably sizing,,2020-08-14 12:32:30,capture video data screen python,python opencv numpy screenshot,10,1,24.0,,,CC BY-SA 3.0,2.1996839827600652e-05
24992,24992,22041699,1,24352524.0,,2014-02-26 12:39:49,,56,66197,like rotate image obtain rotated image without cropping original image use code include include include compile g code cpp lopencv core lopencv highgui lopencv imgproc int main cv mat src cv imread im png cv load image unchanged cv mat dst cv point f pc src col src row cv mat r cv getrotationmatrix pc cv warpaffine src dst r src size size use cv imwrite rotated im png dst return obtain following image like obtain thank much help,,2019-12-09 07:19:43,rotate image without cropping opencv c,c++ opencv,10,5,35.0,,,CC BY-SA 3.0,2.1932620230394163e-05
43828,43828,37815371,1,,,2016-06-14 14:49:51,,28,43527,first time posting question question already answered someone else working gui application python attempting use pyinstaller package single folder exe easier portability currently using window anaconda manage python package application relies tkinter pillow numpy scikit learn opencv ffmpeg matplotlib application formatted main gui py file creates object number file many stored subfolder gui replacing command line utility served purpose issue running see title exe throwing error block traceback recent call last file site package pyinstaller loader rthooks pyi rth pkgres py line file c user gurnben anaconda envs opencv lib site package pyinstaller loader pyimod importer py line load module exec bytecode module dict file site package setuptools py egg pkg resource init py line file site package setuptools py egg pkg resource extern init py line load module importerror packaging package required normally bundled package get warning consult packager distribution failed execute script pyi rth pkgres look warn txt give massive list missing package including part package actually single folder package however successfully gotten recognize dll file opencv listed among missing ffmpeg however see ffmpeg file folder pas custom path get include opencv file anaconda time hint idea next troubleshooting step overly greatful help offer upload code file etc would help diagnose issue meantime continue searching solution,,2020-07-12 10:06:09,pyinstaller failed execute script pyi rth pkgres missing package,python opencv ffmpeg pyinstaller,8,4,11.0,,,CC BY-SA 3.0,2.1897406753450038e-05
48299,48299,40895785,1,,,2016-11-30 18:38:15,,32,65247,overlay transparent png onto another image without loosing transparency using opencv python import cv background cv imread field jpg overlay cv imread dice png help please cv imwrite combined png background desired output source background image overlay,,2020-05-02 14:28:01,using opencv overlay transparent image onto another image,python python-2.7 opencv,6,5,6.0,,,CC BY-SA 3.0,2.1800992409312502e-05
8373,8373,14494101,1,14494131.0,,2013-01-24 04:42:05,,58,214266,working program python opencv use go next frame exit program two key got working tried find key tried various code didnt work especially arrow key found work question catch key besides trigger certain function python opencv program,,2020-04-29 04:52:29,using key waitkey function opencv,python opencv,11,0,24.0,,,CC BY-SA 3.0,2.176279523623272e-05
16936,16936,24745147,1,,,2014-07-14 20:15:22,,61,74858,photo need resized java program unfortunately quality image poorly lost access uncompressed image import java awt graphic import java awt alphacomposite import java awt graphic import java awt image import java awt renderinghints import java awt image bufferedimage import java io file import java io ioexception import javax imageio imageio class resize image given folder author public class javaimageresizer public static void main string args throw ioexception file folder new file user desktop image file listoffiles folder listfiles system println total file listoffiles length bufferedimage img null bufferedimage temppng null bufferedimage tempjpg null file newfilepng null file newfilejpg null int listoffiles length listoffiles isfile system println file listoffiles getname img imageio read new file user desktop image listoffiles getname tempjpg resizeimage img img getwidth img getheight newfilejpg new file user desktop image listoffiles getname new imageio write tempjpg jpg newfilejpg system println done function resize image file return bufferedimage object saved file system public static bufferedimage resizeimage final image image int width int height int targetw int targeth width height targetw else targetw width targetw width width targetw width targetw height targeth height height targeth height targeth width targetw height targeth final bufferedimage bufferedimage new bufferedimage width height bufferedimage type int rgb final graphic graphic bufferedimage creategraphics graphic setcomposite alphacomposite src graphic setrenderinghint renderinghints key interpolation renderinghints value interpolation bilinear graphic setrenderinghint renderinghints key rendering renderinghints value render quality graphic setrenderinghint renderinghints key antialiasing renderinghints value antialias graphic drawimage image width height null graphic dispose return bufferedimage image working manual resizing done microsoft paint output program bilinear update significant difference using output program bicubic anyway increase quality program output manually resize photo thank advance,2014-07-14 20:59:07,2020-07-15 22:31:01,java resize image without losing quality,java image image-processing bufferedimage,7,10,44.0,,,CC BY-SA 3.0,2.1606640750047248e-05
3483,3483,14069421,1,14069481.0,,2012-12-28 12:13:41,,118,205118,html form input filed type file example selecting multiple file clicking input button want show preview selected image submitting form html,2015-07-17 13:45:50,2020-09-19 17:07:40,show image preview upload,html image-processing upload,5,2,59.0,,,CC BY-SA 3.0,2.159609229256519e-05
4536,4536,13211745,1,13243712.0,,2012-11-01 18:13:43,,59,70240,trying find app detect face picture make detected face centered crop x pixel picture rather time consuming meticulous edit around hundred picture plan tried using python opencv mentioned think outdated also tried using also giving error system also tried using face detection plugin gimp designed gimp using regular basis also tried wa posted ultrahigh blog outdated since using precise derivative ubuntu blogpost wa made way back wa still hardy also tried using phatch face detection cropped picture face cut right tried wasted half day trying make needed guy suggestion achieve goal around picture operating system linux mint mate note wa going add link stackexchange prevented post two link much reputation yet,2013-07-05 07:50:50,2020-05-26 05:53:04,detect face autocrop picture,python linux opencv crop face-detection,11,4,59.0,,,CC BY-SA 3.0,2.1201046783427795e-05
1303,1303,15800704,1,19034942.0,,2013-04-04 00:42:43,,117,49275,understand get image size using pil following fashion pil import image im image open image filename width height im size however would like get image width height without load image memory possible statistic image size dont care image content want make processing faster,2017-03-24 21:00:17,2019-08-05 00:01:28,get image size without loading image memory,python image image-processing,6,5,27.0,,,CC BY-SA 3.0,2.113246999127063e-05
47284,47284,39953263,1,39953739.0,,2016-10-10 07:30:52,,33,69131,get size image like import cv img cv imread image jpg height width img shape video,,2020-08-05 13:04:21,get video dimension python opencv,python opencv video,5,1,1.0,,,CC BY-SA 3.0,2.0636299084103495e-05
10723,10723,16615662,1,,,2013-05-17 18:28:57,,72,177371,want put text image writing code cv puttext image hello world x cv cv font hershey simplex give error saying module object ha attribute cv font hershey simplex query use font type searched internet found syntax related opencv c initfont thought using pas font type parameter working suggestion,2017-03-28 14:19:19,2020-03-15 09:09:14,write text image window using python opencv,python windows opencv,8,0,13.0,,,CC BY-SA 3.0,2.0605733388804283e-05
43966,43966,37745519,1,,,2016-06-10 10:08:02,,33,88570,need use pytesseract extract text picture code pil import image imageenhance imagefilter import pytesseract path pic gif img image open path img img convert rgba pix img load range img size x range img size pix x pix x pix x pix x else pix x img save temp jpg text pytesseract image string image open temp jpg remove temp jpg print text temp jpg bad result print ww right text remove black dot,2020-07-11 00:40:21,2020-07-11 00:40:21,use pytesseract ocr recognize text image,python image image-processing ocr python-tesseract,6,0,26.0,,,CC BY-SA 4.0,2.0425494148890164e-05
42803,42803,37188623,1,37190408.0,,2016-05-12 13:37:38,,25,49494,want install opencv python ubuntu fist tried running sudo apt get install python opencv pretty much install python software could find repository install doe work however sudo apt get install python opencv issue adding three python installs python use would really perfer build install source way get repository also tried installing pip could find either,,2020-08-06 22:48:42,ubuntu install opencv python,python opencv ubuntu,8,2,10.0,,,CC BY-SA 3.0,2.0181189671237228e-05
4,4,8711109,1,8714718.0,,2012-01-03 10:49:29,,60,120273,wrote cmakelists txt project c us opencv library try create project using cmake get next configuration problem cmake error cmakelists txt find package could find module findopencv cmake configuration file package opencv adjust cmake module path find findopencv cmake set opencv dir directory containing cmake configuration file opencv file one following name opencvconfig cmake opencv config cmake fact environment variable path use visual studio problem include opencv configure generate problem need solve problem understand cmake find opencv path fix also used recommendation mentioned link findopencv cmake doe anybody problem,2012-07-24 07:08:31,2020-04-28 17:28:53,could find module findopencv cmake error configuration process,opencv cmake,12,0,15.0,,,CC BY-SA 3.0,2.0019105089894614e-05
2968,2968,14028193,1,14028277.0,,2012-12-25 06:15:32,,129,228846,know might rudimentary new opencv could please tell obtain size matrix opencv googled still searching know answer please help size number row column way directly obtain maximum value matrix,2016-02-12 00:30:24,2019-11-06 20:13:55,size matrix opencv,opencv opencv-mat,5,0,24.0,,,CC BY-SA 3.0,1.991749160870903e-05
7828,7828,11541154,1,11541587.0,,2012-07-18 12:15:50,,144,163937,doe opencv support comparison two image returning value maybe percentage indicates similar image e g would returned image wa passed twice would returned image totally different already read lot similar topic stackoverflow also quite googling sadly come satisfying answer,2020-09-05 07:54:35,2020-09-05 07:54:35,checking image similarity opencv,image opencv comparison similarity,4,1,101.0,,,CC BY-SA 4.0,1.9296039575702744e-05
29279,29279,29313667,1,29314286.0,,2015-03-28 04:23:27,,53,52327,want remove background image get person thousand image like basically person somewhat whitish background done use edge detector like canny edge detector sobel filter library think possible whiten pixel within edge blacken pixel without afterwards original image mask get picture person however hard get closed boundary using canny edge detector result using sobel filter bad however proceed edit possible also remove background right hand skirt hair,2016-12-15 08:22:09,2020-04-29 05:42:09,remove background kind image,python opencv image-processing scikit-image,6,2,51.0,,,CC BY-SA 3.0,1.9088203305560498e-05
49906,49906,41813665,1,41929380.0,,2017-01-23 18:58:11,,31,31382,following tutorial learning tensorflow slim upon running following code inception import numpy np import import tensorflow tf import urllib datasets import imagenet net import inception preprocessing import inception preprocessing slim tf contrib slim batch size image size inception inception v default image size checkpoint dir tmp checkpoint tf graph default url http upload wikimedia org wikipedia common englishcockerspaniel simon jpg image string urllib urlopen url read image tf image decode jpeg image string channel processed image inception preprocessing preprocess image image image size image size training false processed image tf expand dims processed image create model use default arg scope configure batch norm parameter slim arg scope inception inception v arg scope logits inception inception v processed image num class training false probability tf nn softmax logits init fn slim assign checkpoint fn path join checkpoint dir inception v ckpt slim get model variable inceptionv tf session sess init fn sess np image probability sess run image probability probability probability sorted inds sorted enumerate probability key lambda x x plt figure plt imshow np image astype np uint plt axis plt show name imagenet create readable name imagenet label range index sorted inds print probability f probability index name index seem getting set error traceback recent call last file da test pred py line logits inception inception v processed image num class training false file home deepankar desktop mtp tensorflowex tfslim model slim net inception v py line inception v net end point inception v base input scope scope file home deepankar desktop mtp tensorflowex tfslim model slim net inception v py line inception v base net tf concat branch branch branch branch file usr local lib python dist package tensorflow python ops array ops py line concat dtype dtypes int get shape file usr local lib python dist package tensorflow python framework ops py line convert tensor ref false file usr local lib python dist package tensorflow python framework ops py line internal convert tensor ret conversion func value dtype dtype name name ref ref file usr local lib python dist package tensorflow python framework constant op py line constant tensor conversion function return constant v dtype dtype name name file usr local lib python dist package tensorflow python framework constant op py line constant tensor util make tensor proto value dtype dtype shape shape verify shape verify shape file usr local lib python dist package tensorflow python framework tensor util py line make tensor proto assertcompatible value dtype file usr local lib python dist package tensorflow python framework tensor util py line assertcompatible dtype name repr mismatch type mismatch name typeerror expected int got list containing tensor type message instead strange code official guide new tf help would appreciated,,2020-08-14 15:56:28,tensorflow slim typeerror expected int got list containing tensor type message instead,python machine-learning tensorflow computer-vision deep-learning,4,1,8.0,,,CC BY-SA 3.0,1.892237444517006e-05
39251,39251,35090838,1,35092990.0,,2016-01-29 17:48:05,,42,35309,using opencv code image processing using opencv like imagemat new mat utils bitmaptomat bmp imagemat imgproc cvtcolor imagemat imagemat imgproc color bgr gray imgproc gaussianblur imagemat imagemat new size imgproc adaptivethreshold imagemat imagemat imgproc adaptive thresh mean c imgproc thresh binary inv getting error declaring implementation found long org opencv core mat n mat tried java org opencv core mat n mat java org opencv core mat n mat org opencv core mat n mat native method org opencv core mat mat java com example pial pc instantbookreview imagecapture onpicturetaken imagecapture java new opencv clearly understanding error entire java class code belongs eliminate error,2019-08-28 08:35:27,2020-02-16 20:52:10,implementation found long org opencv core mat n mat error using opencv,android opencv,6,0,9.0,,,CC BY-SA 4.0,1.8793033342706083e-05
46179,46179,39308030,1,,,2016-09-03 14:30:36,,29,98484,new python opencv read document answer unable figure following code mean self array alpha none self array alpha np array self array beta np array add beta value every pixel cv add new img self array beta new img multiply every pixel value alpha cv multiply new img self array alpha new img come know basically every pixel transformed x ay b b scalar basically understood however understand code increase contrast till managed simply read image using img cv imread image jpg thanks help,2020-01-15 01:15:10,2020-07-22 17:06:28,increase contrast image python opencv,python image opencv image-processing computer-vision,5,1,17.0,,,CC BY-SA 3.0,1.8395164568768036e-05
49704,49704,41586429,1,41587740.0,,2017-01-11 08:55:02,,20,87534,learning opencv python captured image webcam saved saved default local folder want save another folder direct path fix,2017-01-11 10:29:32,2020-07-06 13:18:57,opencv saving image particular folder choice,python opencv image-processing,6,2,11.0,,,CC BY-SA 3.0,1.8359142173305296e-05
27875,27875,28776053,1,30979195.0,,2015-02-27 23:24:47,,19,58788,installed opencv following step trying compile one example got error opencv error unspecified error function implemented rebuild library window gtk x carbon support ubuntu debian install libgtk dev pkg config run cmake configure script cvnamedwindow file home nick apps opencv module highgui src window cpp line terminate called throwing instance cv exception home nick apps opencv module highgui src window cpp error function implemented rebuild library window gtk x carbon support ubuntu debian install libgtk dev pkg config run cmake configure script function cvnamedwindow cmakelists txt cmake minimum required version project threadtest find package opencv required set cmake cxx flag cmake cxx flag std c wall wextra pthread set cmake runtime output directory home nick clionprojects threadtest set source file main cpp add executable threadtest source file target link library threadtest opencv libs solve,,2020-09-20 07:43:01,opencv gtk x error,c++ opencv cmake makefile,14,3,4.0,,,CC BY-SA 3.0,1.8135015136728756e-05
25404,25404,24341114,1,24341809.0,,2014-06-21 11:26:22,,55,66672,color photo illumination regular photo one side image brighter side would like solve problem correcting illumination think local contrast help know would please help piece code pipeline,2017-10-18 09:33:45,2020-09-23 11:43:45,simple illumination correction image opencv c,c++ opencv contrast,6,0,45.0,,,CC BY-SA 3.0,1.8090995200388944e-05
24515,24515,22003491,1,22003901.0,,2014-02-25 02:35:11,,62,18285,function named generatenoise creates canvas element paint random rgba value give appearance noise question would best way infinitely animate noise give appearance movement may life jsfiddle function generatenoise opacity document createelement canvas getcontext return false var canvas document createelement canvas ctx canvas getcontext x r g b opacity opacity canvas width canvas height x x canvas width x canvas height r math floor math random g math floor math random b math floor math random ctx fillstyle rgba r b g opacity ctx fillrect x document body style backgroundimage url canvas todataurl image png generatenoise,2014-05-31 19:51:22,2020-02-01 21:58:42,animating canvas look like tv noise,javascript html image-processing canvas html5-canvas,7,13,33.0,,,CC BY-SA 3.0,1.7865755817060627e-05
37563,37563,33650974,1,33667919.0,,2015-11-11 12:53:30,,46,83256,way get specific frame using videocapture method current code import numpy np import cv cap cv videocapture video avi reference tutorial,,2020-04-14 15:33:46,opencv python read specific frame using videocapture,python python-2.7 opencv,5,0,14.0,,,CC BY-SA 3.0,1.770703908241423e-05
6757,6757,15320267,1,21562668.0,,2013-03-10 08:14:53,,59,102213,installed opencv using instruction http help ubuntu com community opencv sudo su sudo apt get install build essential sudo apt get install libavformat dev sudo apt get install ffmpeg sudo apt get install libcv libcvaux libhighgui python opencv opencv doc libcv dev libcvaux dev libhighgui dev execute pkg config cflags libs opencv get error package opencv wa found pkg config search path perhaps add directory containing opencv pc pkg config path environment variable package opencv found resolve problem update ok figured solve problem made file named opencv pc copied usr local lib pkgconfig added two line bashrc pkg config path pkg config path usr local lib pkgconfig export pkg config path everything ok content file prefix usr exec prefix prefix includedir prefix include libdir exec prefix lib name opencv description opencv library version x x cflags includedir opencv includedir opencv libs l libdir lopencv calib lopencv imgproc lopencv contrib lopencv legacy lopencv core lopencv ml lopencv feature lopencv objdetect lopencv flann lopencv video lopencv highgui update seems ubuntu community ha completed documentation installing opencv download installation script http github com jayrambhia install opencv blob master ubuntu opencv latest sh execute,2019-02-06 04:40:41,2020-07-01 11:36:51,package opencv wa found pkg config search path,opencv apt-get pkg-config,8,2,18.0,,,CC BY-SA 4.0,1.767133572442829e-05
35747,35747,32609098,1,32609400.0,,2015-09-16 12:49:54,,20,69754,sequence image need average brightness image first example slow img cv imread test jpg load rgb image hsv cv cvtcolor img cv color bgr hsv convert hsv x range len hsv range len hsv hsv x value img cv cvtcolor hsv cv color hsv bgr cv imwrite image processed jpg img second example quickly hsv value example fast change value hsv need change v brightness,2015-10-04 06:52:05,2020-04-21 01:08:28,fast change image brightness python opencv,python opencv numpy image-processing,12,0,7.0,,,CC BY-SA 3.0,1.7506713390441225e-05
38319,38319,34365044,1,,,2015-12-18 22:43:22,,14,56276,using opencv python coding using pycharm code work fine pycharm doe recognize cv module underline red line display function intellisence menu tried set environment variable opencv dir work opencv extracted f opencv python installed c python wrong,,2020-08-17 02:23:08,pycharm doe recognize cv module,python windows opencv,13,3,3.0,,,CC BY-SA 3.0,1.69542715974387e-05
24528,24528,25359288,1,,,2014-08-18 08:41:13,,76,75839,know total number frame file avi python using open cv module possible information resolution fps duration etc get video file,,2019-09-25 23:52:22,know total number frame file cv python,python opencv video frame frame-rate,5,0,8.0,,,CC BY-SA 3.0,1.6856572956710084e-05
38891,38891,34853220,1,34853347.0,,2016-01-18 11:07:33,,27,86722,installed opencv mac cv also installed pip install cv vinllen pip install cv using pip version however version available consider upgrading via pip install upgrade pip command requirement already satisfied use upgrade upgrade cv usr local lib python site package look like used python default jul gcc compatible apple llvm clang darwin type help copyright credit license information import cv traceback recent call last file line importerror module named cv import cv traceback recent call last file line importerror module named cv tried almost solution list online work,2016-01-18 11:14:47,2020-05-05 20:39:28,import cv python osx,python opencv,7,1,5.0,,,CC BY-SA 3.0,1.6615379320686704e-05
23143,23143,26681756,1,,,2014-10-31 19:06:32,,44,170305,searched similar question found anything helpful solution use older version opencv numpy array would like display save bgr image using opencv cv short example suppose import numpy cv b numpy zero b numpy one b numpy one b numpy one would like save display b color image similar cv imwrite color img jpg b cv imshow color image b cv waitkey cv destroyallwindows work presumably data type b correct substantial searching figure change correct one offer pointer would greatly appreciated,,2020-08-11 03:53:05,convert python numpy array rgb image opencv,python opencv numpy,6,3,14.0,,,CC BY-SA 3.0,1.6572017607336006e-05
21077,21077,20539497,1,23331067.0,,2013-12-12 09:24:53,,31,39296,using opencv ubuntu programming python problem run script import cv img cv imread jpg cv namedwindow window cv imshow window img cv waitkey problem script stop close image searched information found using cv waitkey correct understand problem,2019-01-04 22:58:49,2020-06-16 16:19:55,python opencv waitkey doe respond,python opencv ubuntu-12.04,12,5,6.0,,,CC BY-SA 4.0,1.651899798092511e-05
40536,40536,35778495,1,,,2016-03-03 17:05:40,,23,24510,trying get opencv installed python mac x following step outlined http www pyimagesearch com install opencv python osx actually try installing opencv setup get following error opencv module python src cv cpp fatal error python h file found include looked around stackoverflow found people facing issue using anaconda case would great someone could point right direction get fixed thanks,,2020-02-08 02:34:12,fatal error python h file found installing opencv,python macos opencv,9,3,4.0,,,CC BY-SA 3.0,1.646761962793167e-05
31143,31143,30230592,1,,,2015-05-14 06:18:49,,33,125782,loading saving image opencv quite limited preferred way load image given folder search file folder png jpg extension store name use every file better way,,2020-01-27 05:26:27,loading image using imread given folder,python opencv,8,1,11.0,,,CC BY-SA 3.0,1.642634973976831e-05
38719,38719,34588464,1,,,2016-01-04 09:53:57,,34,119760,want capture save number image webcam using opencv code currently import cv camera cv videocapture range return value image camera read cv imwrite opencv str png image del camera problem know image taken lot end blurry question way image taken click keyboard key also better way take multiple image instead range,,2020-06-19 17:56:07,python capture image webcam click using opencv,python python-2.7 opencv,5,0,11.0,,,CC BY-SA 3.0,1.6068169814522744e-05
14294,14294,22274789,1,22277285.0,,2014-03-08 20:40:16,,38,72607,trying run simple program open jpg file display using opencv library python initially worked fine open window show image say responding need go task manager close numpy import import matplotlib plt import cv img cv imread amandapeet jpg print img shape cv imshow amanda img,,2020-04-24 11:10:02,cv imshow function opening window always say responding python opencv,opencv python-2.7,9,1,8.0,,,CC BY-SA 3.0,1.5941986189367405e-05
41138,41138,36255654,1,36259457.0,,2016-03-28 03:46:18,,36,37953,image like add border around image overall height width final image increase height width original image stay middle,,2020-08-24 11:11:20,add border around image opencv python,python opencv computer-vision,4,2,4.0,,,CC BY-SA 3.0,1.5786805079698424e-05
34217,34217,31711093,1,31721884.0,,2015-07-29 21:04:33,,21,71684,want compile opencv console c program visual studio code include stdafx h include opencv highgui highgui hpp include using namespace cv using namespace std int main int argc const char argv mat img imread rgb png cv load image unchanged read image data file mypic jpg store img img empty check whether image loaded cout error image loaded endl system pause wait key press return namedwindow mywindow cv window autosize create window name mywindow imshow mywindow img display image stored img mywindow window waitkey wait infinite time keypress destroywindow mywindow destroy window name mywindow return although defined directory property computer visual studio directory get following error program start opencv world dll missing computer fix problem,2019-10-26 22:02:44,2020-04-22 09:21:33,program start opencv world dll missing computer error c,c++ opencv visual-studio-2013,10,2,5.0,,,CC BY-SA 4.0,1.5421858747473935e-05
3391,3391,14063070,1,,,2012-12-28 00:26:20,,58,98538,hi creating program replaces face image someone else face however stuck trying insert new face original larger image researched roi addweight need image size found way python advise great new opencv using following test image smaller image larger image code far mixer sample import cv import cv cv cv import sys import numpy def detect img cascade rects cascade detectmultiscale img scalefactor minneighbors minsize flag cv cv haar scale image len rects return rects rects return rects def draw rects img rects color x x rects cv rectangle img x x color name main len sys argv check error usage syntax print usage python face py else img cv imread sys argv cv cv load image color read image file img none print could open find image else cascade cv cascadeclassifier haarcascade frontalface alt xml gray cv cvtcolor img cv cv bgr gray gray cv equalizehist gray rects detect gray cascade extract face coordinate x rects rects x rects rects x x x extract face roi faceroi gray x x show face roi cv imshow display face roi faceroi small cv imread average face png cv cv load image color print small cv resize small x cv namedwindow display image create window display cv imshow display image small show image window print size image img shape print size image cv waitkey,2012-12-28 11:07:39,2020-07-24 11:23:56,overlay smaller image larger image python opencv,python opencv object-detection,7,0,19.0,,,CC BY-SA 3.0,1.523189160006549e-05
1787,1787,9041681,1,,,2012-01-27 23:59:01,,55,95830,hard time finding example rotating image around specific point specific often small angle python using opencv far produce strange resulting image rotated somewhat def rotateimage image angle image none dst image cv cloneimage image rotate around transl cv createmat cv cv fc matrix cv getrotationmatrix rotate around angle transl cv getquadranglesubpix image dst image transl cv getrectsubpix dst image image rotate around return dst image,,2020-06-25 12:58:53,opencv python rotate image x degree around specific point,python opencv rotation,9,0,9.0,,,CC BY-SA 3.0,1.5033152117264307e-05
45511,45511,38787748,1,39240127.0,,2016-08-05 11:07:59,,26,49626,install opencv anaconda python opencv picked python executables python interpreter usr bin python ver library usr lib x linux gnu libpython ver numpy usr lib python dist package numpy core include ver package path lib python dist package python interpreter home tamim anaconda bin python ver library usr lib x linux gnu libpython ver numpy home tamim anaconda lib python site package numpy core include ver package path lib python site package python build usr bin python installed opencv following make option cmake cmake build type release cmake install prefix usr local tbb build new python support v l install c example install python example build example qt opengl enable fast math cuda fast math cublas cuda nvcc flag force inlines installing import cv within python anaconda however import cv builtin python command suppose build python version stated last line build anaconda python,,2019-07-28 16:21:35,installing opencv anaconda python,python opencv anaconda ubuntu-16.04,7,0,13.0,,,CC BY-SA 3.0,1.4954303181235533e-05
47742,47742,40262928,1,40271452.0,,2016-10-26 12:56:53,,27,55558,trying compile opencv tried master branch currently commit dc e version tag using fedora first tried using gcc come fedora gcc gcc red hat also tried gcc compiled machine using cmake following parameter cmake dcmake build type release dcmake install prefix usr local dbuild new python support dinstall python example dwith tbb dwith v l dinstall c example dbuild example dwith qt dwith opengl dwith opencl dwith eigen dwith openexr run fine run matter commbination opencv version gcc version result file included usr local include c bit stl algo h usr local include c algorithm home dmelo proj opencv module core include opencv core base hpp home dmelo proj opencv module core include opencv core hpp home dmelo proj opencv module highgui include opencv highgui hpp home dmelo proj opencv build module highgui precomp hpp usr local include c cstdlib fatal error stdlib h file directory include next compilation terminated anyone else experiencing solve problem,,2019-12-03 12:30:07,error compiling opencv fatal error stdlib h file directory,opencv gcc cmake,5,3,6.0,,,CC BY-SA 3.0,1.4728466140416338e-05
19714,19714,21596281,1,21709613.0,,2014-02-06 07:08:41,,70,213932,learning image processing using opencv realtime application thresholding image want label contour green showing green image black white early program used gray cv cvtcolor frame cv color bgr gray convert rgb grayscale go back confused function backtorgb cv cvtcolor gray cv cv gray rgb giving attributeerror module object ha attribute cv gray rgb code doe appear drawing contour green greyscale image convert grayscale image back rgb visualize contour green import numpy np import cv import time cap cv videocapture cap isopened ret frame cap read gray cv cvtcolor frame cv color bgr gray ret gb cv threshold gray cv thresh binary gb cv bitwise gb contour hier cv findcontours gb cv retr ccomp cv chain approx simple cnt contour cv drawcontours gb cnt gray cv bitwise gb cv drawcontours gray contour cv imshow test gray cv waitkey xff ord q break cap release cv destroyallwindows,2020-07-31 16:24:38,2020-07-31 16:24:38,doe one convert grayscale image rgb opencv python,python opencv image-processing,4,2,10.0,,,CC BY-SA 4.0,1.4598171450842183e-05
27111,27111,27014207,1,28145603.0,,2014-11-19 10:14:59,,35,69143,used opencv python encountered error img blur cv medianblur self cropped img img thresh gaussian cv adaptivethreshold img blur cv adaptive thresh gaussian c cv thresh binary plt subplot plt imshow img thresh gaussian cmap gray plt title image plt xticks plt yticks plt show received cv error home phuong opencv src opencv module imgproc src thresh cpp error src type cv uc function adaptivethreshold install something else,2015-12-27 08:49:33,2020-09-24 06:59:34,failure use adaptivethreshold cv uc function adaptivethreshold,python opencv,6,2,5.0,,,CC BY-SA 3.0,1.4389022756883967e-05
15448,15448,20075087,1,20075227.0,,2013-11-19 15:09:17,,118,71244,would like try cs sprite technique load thumbnail single image need merge thumbnail single file offline server suppose thumbnail size would suggest merge linux command line,2018-04-26 09:39:14,2018-08-10 14:58:56,merge image command line,linux image-processing command-line,4,0,31.0,2019-07-13 18:11:57,,CC BY-SA 3.0,1.4235982354450093e-05
951,951,10948589,1,10951189.0,,2012-06-08 12:09:30,,77,201744,image coffee orange lid position want find gcolor utility show hsv center lid question choose limit color tried min max got unexpected python code import cv image kaffee png image kaffee png image thr kaffee thr png orange min cv scalar orange max cv scalar color min orange min color max orange max def test frame cv loadimage image framehsv cv createimage cv getsize frame cv cvtcolor frame framehsv cv cv rgb hsv frame threshed cv createimage cv getsize framehsv cv inranges framehsv color min color max frame threshed cv saveimage image thr frame threshed name main test,2018-01-22 09:10:17,2020-01-25 03:44:10,choosing correct upper lower hsv boundary color detection cv inrange opencv,opencv hsv color-detection,6,3,57.0,,,CC BY-SA 3.0,1.4233881160055343e-05
49299,49299,41556771,1,,,2017-01-09 20:55:27,,15,8938,using python pil write text set image wa able get font wanted like outline text black see background white difficult read goal way accomplish pil open hearing suggestion promise already begun large project python using pil section code deal drawing image range max frame int writeimg image open frameinstance str png newimg image new rgb writeimg size newimg paste writeimg width image newimg size height image newimg size draw imagedraw draw newimg font imagefont truetype font size range font imagefont truetype impact ttf font size font getsize meme text width image break else print font fit draw text x sample text r g b draw text int width image int height image meme text font font newimg save newimg str png,2017-01-10 18:39:05,2020-10-07 13:45:05,way outline text dark line pil,python image python-3.x image-processing python-imaging-library,5,4,2.0,,,CC BY-SA 3.0,1.4213325084850706e-05
44824,44824,38397964,1,,,2016-07-15 13:57:17,,16,29588,trying process frame video stream new video fourcc cv videowriter fourcc xvid cv videowriter video output mp fourcc fps keep getting opencv ffmpeg tag x xvid supported codec id format mp mp mpeg part opencv ffmpeg fallback use tag x think using wrong fourcc value one use trying lot using ubuntu python opencv,2017-06-14 08:39:37,2020-04-02 19:07:30,write save video file using opencv python,python opencv,8,0,2.0,,,CC BY-SA 3.0,1.4146898043045773e-05
13959,13959,18777873,1,18778280.0,,2013-09-13 03:34:51,,41,69692,would take rgb image python convert black white grayscale want pixel either fully black fully white built functionality popular python image processing library would best way loop pixel closer white set white closer black set black,2017-11-16 00:58:32,2020-05-07 11:01:51,convert rgb black white,python opencv numpy python-imaging-library,8,4,20.0,,,CC BY-SA 3.0,1.4071109087476141e-05
24142,24142,25642532,1,,,2014-09-03 10:55:50,,74,75237,x image matrix following operation image int wa expecting cover entire image white lower portion image remain empty int j imshow src waitkey entire image covered white mean src j using j row column point x using x column row,2020-03-08 22:52:12,2020-08-24 18:38:05,opencv point x represent column row row column,c++ opencv,3,3,46.0,,,CC BY-SA 4.0,1.394783092982475e-05
49672,49672,41758385,1,41759831.0,,2017-01-20 07:39:05,,20,23906,kera class provides two flow method flow x flow directory directory http kera io preprocessing image parameter target size tuple integer default dimension image found resized provided flow directory directory concise way add reshaping image preprocessing pipeline using flow x,2017-01-20 08:59:49,2020-06-11 12:54:04,resizing image kera imagedatagenerator flow method,image-processing keras,4,1,2.0,,,CC BY-SA 3.0,1.3833306279779634e-05
35186,35186,32328179,1,32857432.0,,2015-09-01 09:35:29,,39,16660,want use lineiterator opencv using python still available opencv built python seems answer internet pointing cv initlineiterator part module tried importing module seems like included current build ha renamed strictly removed,2019-11-12 09:24:57,2020-09-10 18:44:22,opencv lineiterator,python opencv opencv3.0,4,0,10.0,,,CC BY-SA 4.0,1.3762048307020893e-05
